{"type": "metrics", "dataset": "train", "precision": 0.9517263427109974, "balanced_accuracy": 0.8103740024753089, "recall": 0.6300529100529101, "f1_score": 0.7581815866547816}
{"type": "metrics", "dataset": "test", "precision": 0.6610455311973018, "balanced_accuracy": 0.6772483895647385, "recall": 0.41133263378803775, "f1_score": 0.5071151358344114}
{"type": "cm_matrix", "dataset": "train", "true_0": {"predicted_0": 16077, "predicted_1": 151}, "true_1": {"predicted_0": 1748, "predicted_1": 2977}}
{"type": "cm_matrix", "dataset": "test", "true_0": {"predicted_0": 6671, "predicted_1": 402}, "true_1": {"predicted_0": 1122, "predicted_1": 784}}
